"ANNEE";"ETAPE";"LIBELLE_ETAPE";"CompteDeNuméro";"DPT_BAC"
2009;"EI3AMG";"I3-EPU-Aménagement";1;"02"
2009;"EI3AMG";"I3-EPU-Aménagement";1;"05"
2009;"EI3AMG";"I3-EPU-Aménagement";1;"06"
2009;"EI3AMG";"I3-EPU-Aménagement";1;"07"
2009;"EI3AMG";"I3-EPU-Aménagement";1;"08"
2009;"EI3AMG";"I3-EPU-Aménagement";2;"12"
2009;"EI3AMG";"I3-EPU-Aménagement";3;"13"
2009;"EI3AMG";"I3-EPU-Aménagement";1;"14"
2009;"EI3AMG";"I3-EPU-Aménagement";2;"17"
2009;"EI3AMG";"I3-EPU-Aménagement";4;"18"
2009;"EI3AMG";"I3-EPU-Aménagement";1;"19"
2009;"EI3AMG";"I3-EPU-Aménagement";1;"21"
2009;"EI3AMG";"I3-EPU-Aménagement";1;"26"
2009;"EI3AMG";"I3-EPU-Aménagement";1;"27"
2009;"EI3AMG";"I3-EPU-Aménagement";1;"28"
2009;"EI3AMG";"I3-EPU-Aménagement";1;"30"
2009;"EI3AMG";"I3-EPU-Aménagement";1;"31"
2009;"EI3AMG";"I3-EPU-Aménagement";1;"34"
2009;"EI3AMG";"I3-EPU-Aménagement";1;"35"
2009;"EI3AMG";"I3-EPU-Aménagement";5;"37"
2009;"EI3AMG";"I3-EPU-Aménagement";1;"38"
2009;"EI3AMG";"I3-EPU-Aménagement";1;"42"
2009;"EI3AMG";"I3-EPU-Aménagement";1;"43"
2009;"EI3AMG";"I3-EPU-Aménagement";4;"44"
2009;"EI3AMG";"I3-EPU-Aménagement";3;"45"
2009;"EI3AMG";"I3-EPU-Aménagement";1;"47"
2009;"EI3AMG";"I3-EPU-Aménagement";4;"49"
2009;"EI3AMG";"I3-EPU-Aménagement";1;"50"
2009;"EI3AMG";"I3-EPU-Aménagement";2;"51"
2009;"EI3AMG";"I3-EPU-Aménagement";2;"53"
2009;"EI3AMG";"I3-EPU-Aménagement";1;"56"
2009;"EI3AMG";"I3-EPU-Aménagement";1;"59"
2009;"EI3AMG";"I3-EPU-Aménagement";1;"61"
2009;"EI3AMG";"I3-EPU-Aménagement";1;"62"
2009;"EI3AMG";"I3-EPU-Aménagement";2;"63"
2009;"EI3AMG";"I3-EPU-Aménagement";2;"64"
2009;"EI3AMG";"I3-EPU-Aménagement";1;"69"
2009;"EI3AMG";"I3-EPU-Aménagement";1;"71"
2009;"EI3AMG";"I3-EPU-Aménagement";1;"72"
2009;"EI3AMG";"I3-EPU-Aménagement";1;"74"
2009;"EI3AMG";"I3-EPU-Aménagement";1;"75"
2009;"EI3AMG";"I3-EPU-Aménagement";1;"76"
2009;"EI3AMG";"I3-EPU-Aménagement";1;"77"
2009;"EI3AMG";"I3-EPU-Aménagement";1;"78"
2009;"EI3AMG";"I3-EPU-Aménagement";1;"82"
2009;"EI3AMG";"I3-EPU-Aménagement";4;"84"
2009;"EI3AMG";"I3-EPU-Aménagement";1;"86"
2009;"EI3AMG";"I3-EPU-Aménagement";1;"87"
2009;"EI3AMG";"I3-EPU-Aménagement";1;"88"
2009;"EI3AMG";"I3-EPU-Aménagement";1;"92"
2009;"EI3AMG";"I3-EPU-Aménagement";2;"93"
2009;"EI3AMG";"I3-EPU-Aménagement";2;"94"
2009;"EI3AMG";"I3-EPU-Aménagement";2;"95"
2009;"EI3AMG";"I3-EPU-Aménagement";1;"99132"
2009;"EI3AMG";"I3-EPU-Aménagement";1;"99134"
2009;"EI3AMG";"I3-EPU-Aménagement";6;"99216"
2009;"EI3AMG";"I3-EPU-Aménagement";1;"99350"
2009;"EI3AMG";"I3-EPU-Aménagement";1;"99352"
"ANNEE";"ETAPE";"LIBELLE_ETAPE";"CompteDeNuméro";"DPT_BAC"
2009;"EI3ELE";"I3-EPU-Electronique";1;"17"
2009;"EI3ELE";"I3-EPU-Electronique";1;"29"
2009;"EI3ELE";"I3-EPU-Electronique";1;"33"
2009;"EI3ELE";"I3-EPU-Electronique";1;"35"
2009;"EI3ELE";"I3-EPU-Electronique";2;"37"
2009;"EI3ELE";"I3-EPU-Electronique";1;"64"
2009;"EI3ELE";"I3-EPU-Electronique";1;"78"
2009;"EI3ELE";"I3-EPU-Electronique";1;"85"
2009;"EI3ELE";"I3-EPU-Electronique";1;"87"
2009;"EI3ELE";"I3-EPU-Electronique";1;"971"
2009;"EI3ELE";"I3-EPU-Electronique";1;"972"
2009;"EI3ELE";"I3-EPU-Electronique";9;"99216"
2009;"EI3ELE";"I3-EPU-Electronique";1;"99322"
2009;"EI3ELE";"I3-EPU-Electronique";1;"99327"
2009;"EI3ELE";"I3-EPU-Electronique";1;"99328"
2009;"EI3ELE";"I3-EPU-Electronique";1;"99333"
2009;"EI3ELE";"I3-EPU-Electronique";1;"99341"
2009;"EI3ELE";"I3-EPU-Electronique";2;"99350"
"ANNEE";"ETAPE";"LIBELLE_ETAPE";"CompteDeNuméro";"DPT_BAC"
2009;"EI3INF";"I3-EPU-Informatique";1;"16"
2009;"EI3INF";"I3-EPU-Informatique";1;"17"
2009;"EI3INF";"I3-EPU-Informatique";3;"18"
2009;"EI3INF";"I3-EPU-Informatique";1;"28"
2009;"EI3INF";"I3-EPU-Informatique";2;"34"
2009;"EI3INF";"I3-EPU-Informatique";1;"36"
2009;"EI3INF";"I3-EPU-Informatique";22;"37"
2009;"EI3INF";"I3-EPU-Informatique";1;"40"
2009;"EI3INF";"I3-EPU-Informatique";4;"41"
2009;"EI3INF";"I3-EPU-Informatique";1;"42"
2009;"EI3INF";"I3-EPU-Informatique";1;"44"
2009;"EI3INF";"I3-EPU-Informatique";3;"45"
2009;"EI3INF";"I3-EPU-Informatique";1;"47"
2009;"EI3INF";"I3-EPU-Informatique";2;"49"
2009;"EI3INF";"I3-EPU-Informatique";1;"50"
2009;"EI3INF";"I3-EPU-Informatique";1;"52"
2009;"EI3INF";"I3-EPU-Informatique";1;"53"
2009;"EI3INF";"I3-EPU-Informatique";1;"58"
2009;"EI3INF";"I3-EPU-Informatique";1;"64"
2009;"EI3INF";"I3-EPU-Informatique";1;"65"
2009;"EI3INF";"I3-EPU-Informatique";1;"68"
2009;"EI3INF";"I3-EPU-Informatique";1;"72"
2009;"EI3INF";"I3-EPU-Informatique";1;"78"
2009;"EI3INF";"I3-EPU-Informatique";4;"86"
2009;"EI3INF";"I3-EPU-Informatique";1;"972"
2009;"EI3INF";"I3-EPU-Informatique";1;"973"
2009;"EI3INF";"I3-EPU-Informatique";21;"99216"
2009;"EI3INF";"I3-EPU-Informatique";1;"99322"
2009;"EI3INF";"I3-EPU-Informatique";1;"99331"
2009;"EI3INF";"I3-EPU-Informatique";2;"99341"
2009;"EI3INF";"I3-EPU-Informatique";4;"99350"
2009;"EI3INF";"I3-EPU-Informatique";1;"99351"
"ANNEE";"ETAPE";"LIBELLE_ETAPE";"CompteDeNuméro";"DPT_BAC"
2009;"EI3INI";"I3-EPU-Informatique Industrielle";1;"16"
2009;"EI3INI";"I3-EPU-Informatique Industrielle";1;"93"
2009;"EI3INI";"I3-EPU-Informatique Industrielle";2;"16"
2009;"EI3INI";"I3-EPU-Informatique Industrielle";3;"17"
2009;"EI3INI";"I3-EPU-Informatique Industrielle";1;"28"
2009;"EI3INI";"I3-EPU-Informatique Industrielle";1;"31"
2009;"EI3INI";"I3-EPU-Informatique Industrielle";5;"37"
2009;"EI3INI";"I3-EPU-Informatique Industrielle";1;"41"
2009;"EI3INI";"I3-EPU-Informatique Industrielle";1;"44"
2009;"EI3INI";"I3-EPU-Informatique Industrielle";1;"45"
2009;"EI3INI";"I3-EPU-Informatique Industrielle";2;"79"
2009;"EI3INI";"I3-EPU-Informatique Industrielle";5;"86"
2009;"EI3INI";"I3-EPU-Informatique Industrielle";1;"87"
2009;"EI3INI";"I3-EPU-Informatique Industrielle";1;"99350"
"ANNEE";"ETAPE";"LIBELLE_ETAPE";"CompteDeNuméro";"DPT_BAC"
2009;"EI3MEC";"I3-EPU-Mécanique";1;"99328"
2009;"EI3MEC";"I3-EPU-Mécanique";1;"06"
2009;"EI3MEC";"I3-EPU-Mécanique";1;"07"
2009;"EI3MEC";"I3-EPU-Mécanique";2;"13"
2009;"EI3MEC";"I3-EPU-Mécanique";1;"16"
2009;"EI3MEC";"I3-EPU-Mécanique";1;"17"
2009;"EI3MEC";"I3-EPU-Mécanique";1;"18"
2009;"EI3MEC";"I3-EPU-Mécanique";1;"28"
2009;"EI3MEC";"I3-EPU-Mécanique";1;"33"
2009;"EI3MEC";"I3-EPU-Mécanique";1;"36"
2009;"EI3MEC";"I3-EPU-Mécanique";6;"37"
2009;"EI3MEC";"I3-EPU-Mécanique";2;"38"
2009;"EI3MEC";"I3-EPU-Mécanique";1;"40"
2009;"EI3MEC";"I3-EPU-Mécanique";1;"41"
2009;"EI3MEC";"I3-EPU-Mécanique";2;"49"
2009;"EI3MEC";"I3-EPU-Mécanique";1;"50"
2009;"EI3MEC";"I3-EPU-Mécanique";1;"57"
2009;"EI3MEC";"I3-EPU-Mécanique";3;"59"
2009;"EI3MEC";"I3-EPU-Mécanique";1;"69"
2009;"EI3MEC";"I3-EPU-Mécanique";1;"71"
2009;"EI3MEC";"I3-EPU-Mécanique";1;"72"
2009;"EI3MEC";"I3-EPU-Mécanique";1;"75"
2009;"EI3MEC";"I3-EPU-Mécanique";1;"80"
2009;"EI3MEC";"I3-EPU-Mécanique";2;"86"
2009;"EI3MEC";"I3-EPU-Mécanique";1;"87"
2009;"EI3MEC";"I3-EPU-Mécanique";1;"88"
2009;"EI3MEC";"I3-EPU-Mécanique";1;"91"
2009;"EI3MEC";"I3-EPU-Mécanique";1;"94"
2009;"EI3MEC";"I3-EPU-Mécanique";1;"988"
2009;"EI3MEC";"I3-EPU-Mécanique";11;"99216"
2009;"EI3MEC";"I3-EPU-Mécanique";1;"99322"
2009;"EI3MEC";"I3-EPU-Mécanique";2;"99341"
2009;"EI3MEC";"I3-EPU-Mécanique";3;"99350"
"ANNEE";"Champ1";"Champ3";"CompteDeNumEtu";"Champ20"
2009;"SL1MAI";"L1-Maths et Info.";1;"16"
2009;"SL1MAI";"L1-Maths et Info.";1;"17"
2009;"SL1MAI";"L1-Maths et Info.";4;"18"
2009;"SL1MAI";"L1-Maths et Info.";1;"21"
2009;"SL1MAI";"L1-Maths et Info.";3;"28"
2009;"SL1MAI";"L1-Maths et Info.";1;"33"
2009;"SL1MAI";"L1-Maths et Info.";3;"36"
2009;"SL1MAI";"L1-Maths et Info.";6;"37"
2009;"SL1MAI";"L1-Maths et Info.";2;"41"
2009;"SL1MAI";"L1-Maths et Info.";1;"44"
2009;"SL1MAI";"L1-Maths et Info.";2;"45"
2009;"SL1MAI";"L1-Maths et Info.";4;"49"
2009;"SL1MAI";"L1-Maths et Info.";1;"56"
2009;"SL1MAI";"L1-Maths et Info.";1;"57"
2009;"SL1MAI";"L1-Maths et Info.";1;"61"
2009;"SL1MAI";"L1-Maths et Info.";1;"64"
2009;"SL1MAI";"L1-Maths et Info.";1;"72"
2009;"SL1MAI";"L1-Maths et Info.";2;"76"
2009;"SL1MAI";"L1-Maths et Info.";1;"79"
2009;"SL1MAI";"L1-Maths et Info.";4;"86"
2009;"SL1MAI";"L1-Maths et Info.";1;"91"
2009;"SL1MAI";"L1-Maths et Info.";1;"99208"
2009;"SL1MAI";"L1-Maths et Info.";1;"99350"
2009;"SL1SCM";"L1-Sciences de la matière";1;"13"
2009;"SL1SCM";"L1-Sciences de la matière";2;"18"
2009;"SL1SCM";"L1-Sciences de la matière";3;"28"
2009;"SL1SCM";"L1-Sciences de la matière";1;"33"
2009;"SL1SCM";"L1-Sciences de la matière";1;"34"
2009;"SL1SCM";"L1-Sciences de la matière";4;"35"
2009;"SL1SCM";"L1-Sciences de la matière";15;"37"
2009;"SL1SCM";"L1-Sciences de la matière";1;"41"
2009;"SL1SCM";"L1-Sciences de la matière";1;"42"
2009;"SL1SCM";"L1-Sciences de la matière";1;"44"
2009;"SL1SCM";"L1-Sciences de la matière";2;"45"
2009;"SL1SCM";"L1-Sciences de la matière";1;"49"
2009;"SL1SCM";"L1-Sciences de la matière";1;"57"
2009;"SL1SCM";"L1-Sciences de la matière";2;"61"
2009;"SL1SCM";"L1-Sciences de la matière";1;"63"
2009;"SL1SCM";"L1-Sciences de la matière";2;"72"
2009;"SL1SCM";"L1-Sciences de la matière";1;"77"
2009;"SL1SCM";"L1-Sciences de la matière";1;"79"
2009;"SL1SCM";"L1-Sciences de la matière";1;"86"
2009;"SL1SCM";"L1-Sciences de la matière";1;"91"
2009;"SL1SCM";"L1-Sciences de la matière";1;"93"
2009;"SL1SCM";"L1-Sciences de la matière";1;"94"
2009;"SL1SCM";"L1-Sciences de la matière";1;"99350"
"ANNEE";"CODE_ETAPE";"LIB_ETAPE";"CompteDeID";"DEPT_BAC"
2010;"EI3AMG";"I3-EPU-Aménagement";1;"01"
2010;"EI3AMG";"I3-EPU-Aménagement";1;"02"
2010;"EI3AMG";"I3-EPU-Aménagement";1;"04"
2010;"EI3AMG";"I3-EPU-Aménagement";1;"12"
2010;"EI3AMG";"I3-EPU-Aménagement";4;"13"
2010;"EI3AMG";"I3-EPU-Aménagement";3;"21"
2010;"EI3AMG";"I3-EPU-Aménagement";1;"24"
2010;"EI3AMG";"I3-EPU-Aménagement";1;"25"
2010;"EI3AMG";"I3-EPU-Aménagement";1;"26"
2010;"EI3AMG";"I3-EPU-Aménagement";2;"28"
2010;"EI3AMG";"I3-EPU-Aménagement";2;"29"
2010;"EI3AMG";"I3-EPU-Aménagement";1;"31"
2010;"EI3AMG";"I3-EPU-Aménagement";2;"33"
2010;"EI3AMG";"I3-EPU-Aménagement";2;"34"
2010;"EI3AMG";"I3-EPU-Aménagement";2;"35"
2010;"EI3AMG";"I3-EPU-Aménagement";3;"37"
2010;"EI3AMG";"I3-EPU-Aménagement";1;"39"
2010;"EI3AMG";"I3-EPU-Aménagement";1;"41"
2010;"EI3AMG";"I3-EPU-Aménagement";1;"42"
2010;"EI3AMG";"I3-EPU-Aménagement";1;"44"
2010;"EI3AMG";"I3-EPU-Aménagement";5;"45"
2010;"EI3AMG";"I3-EPU-Aménagement";2;"47"
2010;"EI3AMG";"I3-EPU-Aménagement";1;"49"
2010;"EI3AMG";"I3-EPU-Aménagement";1;"50"
2010;"EI3AMG";"I3-EPU-Aménagement";1;"51"
2010;"EI3AMG";"I3-EPU-Aménagement";2;"54"
2010;"EI3AMG";"I3-EPU-Aménagement";2;"56"
2010;"EI3AMG";"I3-EPU-Aménagement";2;"59"
2010;"EI3AMG";"I3-EPU-Aménagement";1;"62"
2010;"EI3AMG";"I3-EPU-Aménagement";1;"63"
2010;"EI3AMG";"I3-EPU-Aménagement";1;"64"
2010;"EI3AMG";"I3-EPU-Aménagement";1;"69"
2010;"EI3AMG";"I3-EPU-Aménagement";2;"73"
2010;"EI3AMG";"I3-EPU-Aménagement";1;"74"
2010;"EI3AMG";"I3-EPU-Aménagement";2;"75"
2010;"EI3AMG";"I3-EPU-Aménagement";2;"76"
2010;"EI3AMG";"I3-EPU-Aménagement";1;"77"
2010;"EI3AMG";"I3-EPU-Aménagement";3;"78"
2010;"EI3AMG";"I3-EPU-Aménagement";1;"79"
2010;"EI3AMG";"I3-EPU-Aménagement";1;"80"
2010;"EI3AMG";"I3-EPU-Aménagement";2;"83"
2010;"EI3AMG";"I3-EPU-Aménagement";1;"84"
2010;"EI3AMG";"I3-EPU-Aménagement";1;"86"
2010;"EI3AMG";"I3-EPU-Aménagement";1;"91"
2010;"EI3AMG";"I3-EPU-Aménagement";1;"94"
2010;"EI3AMG";"I3-EPU-Aménagement";1;"972"
2010;"EI3AMG";"I3-EPU-Aménagement";2;"974"
2010;"EI3AMG";"I3-EPU-Aménagement";1;"99216"
2010;"EI3AMG";"I3-EPU-Aménagement";6;"99350"
"ANNEE";"CODE_ETAPE";"LIB_ETAPE";"CompteDeID";"DEPT_BAC"
2010;"EI3ELE";"I3-EPU-Electronique";1;"13"
2010;"EI3ELE";"I3-EPU-Electronique";1;"17"
2010;"EI3ELE";"I3-EPU-Electronique";1;"21"
2010;"EI3ELE";"I3-EPU-Electronique";3;"37"
2010;"EI3ELE";"I3-EPU-Electronique";1;"41"
2010;"EI3ELE";"I3-EPU-Electronique";1;"45"
2010;"EI3ELE";"I3-EPU-Electronique";1;"56"
2010;"EI3ELE";"I3-EPU-Electronique";1;"57"
2010;"EI3ELE";"I3-EPU-Electronique";1;"61"
2010;"EI3ELE";"I3-EPU-Electronique";1;"62"
2010;"EI3ELE";"I3-EPU-Electronique";1;"63"
2010;"EI3ELE";"I3-EPU-Electronique";2;"69"
2010;"EI3ELE";"I3-EPU-Electronique";1;"72"
2010;"EI3ELE";"I3-EPU-Electronique";2;"86"
2010;"EI3ELE";"I3-EPU-Electronique";1;"91"
2010;"EI3ELE";"I3-EPU-Electronique";1;"93"
2010;"EI3ELE";"I3-EPU-Electronique";1;"972"
2010;"EI3ELE";"I3-EPU-Electronique";9;"99216"
2010;"EI3ELE";"I3-EPU-Electronique";1;"99501"
"ANNEE";"CODE_ETAPE";"LIB_ETAPE";"CompteDeID";"DEPT_BAC"
2010;"EI3INF";"I3-EPU-Informatique";1;"10"
2010;"EI3INF";"I3-EPU-Informatique";1;"16"
2010;"EI3INF";"I3-EPU-Informatique";2;"17"
2010;"EI3INF";"I3-EPU-Informatique";1;"22"
2010;"EI3INF";"I3-EPU-Informatique";1;"25"
2010;"EI3INF";"I3-EPU-Informatique";1;"26"
2010;"EI3INF";"I3-EPU-Informatique";2;"28"
2010;"EI3INF";"I3-EPU-Informatique";2;"34"
2010;"EI3INF";"I3-EPU-Informatique";15;"37"
2010;"EI3INF";"I3-EPU-Informatique";2;"38"
2010;"EI3INF";"I3-EPU-Informatique";6;"41"
2010;"EI3INF";"I3-EPU-Informatique";3;"44"
2010;"EI3INF";"I3-EPU-Informatique";5;"45"
2010;"EI3INF";"I3-EPU-Informatique";2;"53"
2010;"EI3INF";"I3-EPU-Informatique";1;"56"
2010;"EI3INF";"I3-EPU-Informatique";2;"62"
2010;"EI3INF";"I3-EPU-Informatique";1;"71"
2010;"EI3INF";"I3-EPU-Informatique";3;"79"
2010;"EI3INF";"I3-EPU-Informatique";1;"80"
2010;"EI3INF";"I3-EPU-Informatique";2;"85"
2010;"EI3INF";"I3-EPU-Informatique";1;"86"
2010;"EI3INF";"I3-EPU-Informatique";1;"92"
2010;"EI3INF";"I3-EPU-Informatique";1;"972"
2010;"EI3INF";"I3-EPU-Informatique";1;"974"
2010;"EI3INF";"I3-EPU-Informatique";16;"99216"
2010;"EI3INF";"I3-EPU-Informatique";1;"99322"
2010;"EI3INF";"I3-EPU-Informatique";1;"99331"
2010;"EI3INF";"I3-EPU-Informatique";1;"99341"
2010;"EI3INF";"I3-EPU-Informatique";2;"99350"
"ANNEE";"CODE_ETAPE";"LIB_ETAPE";"CompteDeID";"DEPT_BAC"
2010;"EI3INI";"I3-EPU-Informatique Industrielle";1;"06"
2010;"EI3INI";"I3-EPU-Informatique Industrielle";1;"16"
2010;"EI3INI";"I3-EPU-Informatique Industrielle";1;"17"
2010;"EI3INI";"I3-EPU-Informatique Industrielle";2;"28"
2010;"EI3INI";"I3-EPU-Informatique Industrielle";1;"31"
2010;"EI3INI";"I3-EPU-Informatique Industrielle";2;"36"
2010;"EI3INI";"I3-EPU-Informatique Industrielle";3;"37"
2010;"EI3INI";"I3-EPU-Informatique Industrielle";1;"38"
2010;"EI3INI";"I3-EPU-Informatique Industrielle";4;"41"
2010;"EI3INI";"I3-EPU-Informatique Industrielle";3;"45"
2010;"EI3INI";"I3-EPU-Informatique Industrielle";1;"47"
2010;"EI3INI";"I3-EPU-Informatique Industrielle";1;"65"
2010;"EI3INI";"I3-EPU-Informatique Industrielle";1;"72"
2010;"EI3INI";"I3-EPU-Informatique Industrielle";2;"86"
"ANNEE";"CODE_ETAPE";"LIB_ETAPE";"CompteDeID";"DEPT_BAC"
2010;"EI3MEC";"I3-EPU-Mécanique";2;"13"
2010;"EI3MEC";"I3-EPU-Mécanique";4;"16"
2010;"EI3MEC";"I3-EPU-Mécanique";2;"17"
2010;"EI3MEC";"I3-EPU-Mécanique";1;"18"
2010;"EI3MEC";"I3-EPU-Mécanique";1;"21"
2010;"EI3MEC";"I3-EPU-Mécanique";1;"27"
2010;"EI3MEC";"I3-EPU-Mécanique";2;"28"
2010;"EI3MEC";"I3-EPU-Mécanique";2;"29"
2010;"EI3MEC";"I3-EPU-Mécanique";1;"33"
2010;"EI3MEC";"I3-EPU-Mécanique";9;"37"
2010;"EI3MEC";"I3-EPU-Mécanique";1;"40"
2010;"EI3MEC";"I3-EPU-Mécanique";1;"41"
2010;"EI3MEC";"I3-EPU-Mécanique";3;"44"
2010;"EI3MEC";"I3-EPU-Mécanique";3;"45"
2010;"EI3MEC";"I3-EPU-Mécanique";2;"50"
2010;"EI3MEC";"I3-EPU-Mécanique";1;"51"
2010;"EI3MEC";"I3-EPU-Mécanique";1;"56"
2010;"EI3MEC";"I3-EPU-Mécanique";3;"59"
2010;"EI3MEC";"I3-EPU-Mécanique";1;"61"
2010;"EI3MEC";"I3-EPU-Mécanique";1;"66"
2010;"EI3MEC";"I3-EPU-Mécanique";1;"71"
2010;"EI3MEC";"I3-EPU-Mécanique";1;"72"
2010;"EI3MEC";"I3-EPU-Mécanique";1;"74"
2010;"EI3MEC";"I3-EPU-Mécanique";2;"76"
2010;"EI3MEC";"I3-EPU-Mécanique";1;"78"
2010;"EI3MEC";"I3-EPU-Mécanique";2;"79"
2010;"EI3MEC";"I3-EPU-Mécanique";3;"86"
2010;"EI3MEC";"I3-EPU-Mécanique";1;"88"
2010;"EI3MEC";"I3-EPU-Mécanique";1;"94"
2010;"EI3MEC";"I3-EPU-Mécanique";1;"95"
2010;"EI3MEC";"I3-EPU-Mécanique";2;"988"
2010;"EI3MEC";"I3-EPU-Mécanique";12;"99216"
2010;"EI3MEC";"I3-EPU-Mécanique";1;"99324"
2010;"EI3MEC";"I3-EPU-Mécanique";1;"99331"
2010;"EI3MEC";"I3-EPU-Mécanique";1;"99341"
2010;"EI3MEC";"I3-EPU-Mécanique";1;"99350"
"ANNEE";"CODE_ETAPE";"LIB_ETAPE";"CompteDeID";"DEPT_BAC"
2010;"EI1PIP";"Parcours PeiP année 1";1;"06"
2010;"EI1PIP";"Parcours PeiP année 1";1;"16"
2010;"EI1PIP";"Parcours PeiP année 1";5;"18"
2010;"EI1PIP";"Parcours PeiP année 1";1;"22"
2010;"EI1PIP";"Parcours PeiP année 1";3;"28"
2010;"EI1PIP";"Parcours PeiP année 1";2;"31"
2010;"EI1PIP";"Parcours PeiP année 1";3;"35"
2010;"EI1PIP";"Parcours PeiP année 1";1;"36"
2010;"EI1PIP";"Parcours PeiP année 1";28;"37"
2010;"EI1PIP";"Parcours PeiP année 1";7;"41"
2010;"EI1PIP";"Parcours PeiP année 1";5;"44"
2010;"EI1PIP";"Parcours PeiP année 1";7;"45"
2010;"EI1PIP";"Parcours PeiP année 1";3;"49"
2010;"EI1PIP";"Parcours PeiP année 1";2;"53"
2010;"EI1PIP";"Parcours PeiP année 1";1;"60"
2010;"EI1PIP";"Parcours PeiP année 1";1;"61"
2010;"EI1PIP";"Parcours PeiP année 1";1;"64"
2010;"EI1PIP";"Parcours PeiP année 1";6;"72"
2010;"EI1PIP";"Parcours PeiP année 1";1;"75"
2010;"EI1PIP";"Parcours PeiP année 1";1;"77"
2010;"EI1PIP";"Parcours PeiP année 1";1;"78"
2010;"EI1PIP";"Parcours PeiP année 1";3;"79"
2010;"EI1PIP";"Parcours PeiP année 1";1;"83"
2010;"EI1PIP";"Parcours PeiP année 1";3;"85"
2010;"EI1PIP";"Parcours PeiP année 1";1;"86"
2010;"EI1PIP";"Parcours PeiP année 1";1;"87"
2010;"EI1PIP";"Parcours PeiP année 1";2;"92"
2010;"EI1PIP";"Parcours PeiP année 1";2;"95"
2010;"EI1PIP";"Parcours PeiP année 1";1;"99328"
2010;"EI1PIP";"Parcours PeiP année 1";1;"99341"
2010;"EI1PIP";"Parcours PeiP année 1";3;"99350"
"ANNEE";"CODE_ETAPE";"LIB_ETAPE";"CompteDeID";"DEPT_BAC"
2011;"EI3AMG";"I3-EPU-Aménagement";1;"03"
2011;"EI3AMG";"I3-EPU-Aménagement";2;"07"
2011;"EI3AMG";"I3-EPU-Aménagement";1;"12"
2011;"EI3AMG";"I3-EPU-Aménagement";1;"13"
2011;"EI3AMG";"I3-EPU-Aménagement";2;"14"
2011;"EI3AMG";"I3-EPU-Aménagement";1;"17"
2011;"EI3AMG";"I3-EPU-Aménagement";1;"18"
2011;"EI3AMG";"I3-EPU-Aménagement";1;"22"
2011;"EI3AMG";"I3-EPU-Aménagement";1;"25"
2011;"EI3AMG";"I3-EPU-Aménagement";2;"28"
2011;"EI3AMG";"I3-EPU-Aménagement";2;"29"
2011;"EI3AMG";"I3-EPU-Aménagement";4;"31"
2011;"EI3AMG";"I3-EPU-Aménagement";3;"33"
2011;"EI3AMG";"I3-EPU-Aménagement";1;"34"
2011;"EI3AMG";"I3-EPU-Aménagement";1;"35"
2011;"EI3AMG";"I3-EPU-Aménagement";1;"36"
2011;"EI3AMG";"I3-EPU-Aménagement";2;"37"
2011;"EI3AMG";"I3-EPU-Aménagement";1;"38"
2011;"EI3AMG";"I3-EPU-Aménagement";2;"39"
2011;"EI3AMG";"I3-EPU-Aménagement";1;"40"
2011;"EI3AMG";"I3-EPU-Aménagement";1;"41"
2011;"EI3AMG";"I3-EPU-Aménagement";1;"42"
2011;"EI3AMG";"I3-EPU-Aménagement";1;"43"
2011;"EI3AMG";"I3-EPU-Aménagement";3;"44"
2011;"EI3AMG";"I3-EPU-Aménagement";4;"45"
2011;"EI3AMG";"I3-EPU-Aménagement";3;"49"
2011;"EI3AMG";"I3-EPU-Aménagement";1;"56"
2011;"EI3AMG";"I3-EPU-Aménagement";1;"57"
2011;"EI3AMG";"I3-EPU-Aménagement";1;"58"
2011;"EI3AMG";"I3-EPU-Aménagement";2;"59"
2011;"EI3AMG";"I3-EPU-Aménagement";1;"60"
2011;"EI3AMG";"I3-EPU-Aménagement";1;"61"
2011;"EI3AMG";"I3-EPU-Aménagement";1;"64"
2011;"EI3AMG";"I3-EPU-Aménagement";1;"66"
2011;"EI3AMG";"I3-EPU-Aménagement";5;"67"
2011;"EI3AMG";"I3-EPU-Aménagement";1;"69"
2011;"EI3AMG";"I3-EPU-Aménagement";2;"72"
2011;"EI3AMG";"I3-EPU-Aménagement";5;"73"
2011;"EI3AMG";"I3-EPU-Aménagement";2;"76"
2011;"EI3AMG";"I3-EPU-Aménagement";2;"77"
2011;"EI3AMG";"I3-EPU-Aménagement";4;"78"
2011;"EI3AMG";"I3-EPU-Aménagement";1;"79"
2011;"EI3AMG";"I3-EPU-Aménagement";1;"81"
2011;"EI3AMG";"I3-EPU-Aménagement";1;"82"
2011;"EI3AMG";"I3-EPU-Aménagement";1;"84"
2011;"EI3AMG";"I3-EPU-Aménagement";2;"86"
2011;"EI3AMG";"I3-EPU-Aménagement";2;"87"
2011;"EI3AMG";"I3-EPU-Aménagement";2;"91"
2011;"EI3AMG";"I3-EPU-Aménagement";1;"94"
2011;"EI3AMG";"I3-EPU-Aménagement";1;"973"
2011;"EI3AMG";"I3-EPU-Aménagement";1;"99327"
2011;"EI3AMG";"I3-EPU-Aménagement";3;"99350"
"ANNEE";"CODE_ETAPE";"LIB_ETAPE";"CompteDeID";"DEPT_BAC"
2011;"EI3ELE";"I3-EPU-Electronique";1;"02"
2011;"EI3ELE";"I3-EPU-Electronique";1;"08"
2011;"EI3ELE";"I3-EPU-Electronique";2;"13"
2011;"EI3ELE";"I3-EPU-Electronique";3;"17"
2011;"EI3ELE";"I3-EPU-Electronique";1;"33"
2011;"EI3ELE";"I3-EPU-Electronique";1;"34"
2011;"EI3ELE";"I3-EPU-Electronique";3;"37"
2011;"EI3ELE";"I3-EPU-Electronique";1;"41"
2011;"EI3ELE";"I3-EPU-Electronique";1;"44"
2011;"EI3ELE";"I3-EPU-Electronique";1;"45"
2011;"EI3ELE";"I3-EPU-Electronique";1;"54"
2011;"EI3ELE";"I3-EPU-Electronique";1;"61"
2011;"EI3ELE";"I3-EPU-Electronique";1;"64"
2011;"EI3ELE";"I3-EPU-Electronique";2;"69"
2011;"EI3ELE";"I3-EPU-Electronique";1;"75"
2011;"EI3ELE";"I3-EPU-Electronique";1;"78"
2011;"EI3ELE";"I3-EPU-Electronique";1;"81"
2011;"EI3ELE";"I3-EPU-Electronique";1;"88"
2011;"EI3ELE";"I3-EPU-Electronique";1;"99134"
2011;"EI3ELE";"I3-EPU-Electronique";6;"99216"
2011;"EI3ELE";"I3-EPU-Electronique";1;"99324"
2011;"EI3ELE";"I3-EPU-Electronique";1;"99341"
2011;"EI3ELE";"I3-EPU-Electronique";2;"99350"
"ANNEE";"CODE_ETAPE";"LIB_ETAPE";"CompteDeID";"DEPT_BAC"
2011;"EI3INF";"I3-EPU-Informatique";1;"01"
2011;"EI3INF";"I3-EPU-Informatique";2;"03"
2011;"EI3INF";"I3-EPU-Informatique";1;"09"
2011;"EI3INF";"I3-EPU-Informatique";2;"16"
2011;"EI3INF";"I3-EPU-Informatique";3;"18"
2011;"EI3INF";"I3-EPU-Informatique";1;"28"
2011;"EI3INF";"I3-EPU-Informatique";1;"34"
2011;"EI3INF";"I3-EPU-Informatique";1;"36"
2011;"EI3INF";"I3-EPU-Informatique";8;"37"
2011;"EI3INF";"I3-EPU-Informatique";1;"44"
2011;"EI3INF";"I3-EPU-Informatique";4;"45"
2011;"EI3INF";"I3-EPU-Informatique";3;"49"
2011;"EI3INF";"I3-EPU-Informatique";1;"57"
2011;"EI3INF";"I3-EPU-Informatique";1;"58"
2011;"EI3INF";"I3-EPU-Informatique";2;"59"
2011;"EI3INF";"I3-EPU-Informatique";2;"62"
2011;"EI3INF";"I3-EPU-Informatique";2;"72"
2011;"EI3INF";"I3-EPU-Informatique";1;"76"
2011;"EI3INF";"I3-EPU-Informatique";1;"79"
2011;"EI3INF";"I3-EPU-Informatique";1;"80"
2011;"EI3INF";"I3-EPU-Informatique";1;"84"
2011;"EI3INF";"I3-EPU-Informatique";4;"86"
2011;"EI3INF";"I3-EPU-Informatique";1;"91"
2011;"EI3INF";"I3-EPU-Informatique";21;"99216"
2011;"EI3INF";"I3-EPU-Informatique";2;"99341"
2011;"EI3INF";"I3-EPU-Informatique";5;"99350"
"ANNEE";"CODE_ETAPE";"LIB_ETAPE";"CompteDeID";"DEPT_BAC"
2011;"EI3INI";"I3-EPU-Informatique Industrielle";1;"17"
2011;"EI3INI";"I3-EPU-Informatique Industrielle";1;"18"
2011;"EI3INI";"I3-EPU-Informatique Industrielle";1;"28"
2011;"EI3INI";"I3-EPU-Informatique Industrielle";1;"35"
2011;"EI3INI";"I3-EPU-Informatique Industrielle";7;"37"
2011;"EI3INI";"I3-EPU-Informatique Industrielle";7;"41"
2011;"EI3INI";"I3-EPU-Informatique Industrielle";4;"45"
2011;"EI3INI";"I3-EPU-Informatique Industrielle";1;"49"
2011;"EI3INI";"I3-EPU-Informatique Industrielle";1;"72"
2011;"EI3INI";"I3-EPU-Informatique Industrielle";2;"75"
2011;"EI3INI";"I3-EPU-Informatique Industrielle";1;"80"
2011;"EI3INI";"I3-EPU-Informatique Industrielle";3;"86"
2011;"EI3INI";"I3-EPU-Informatique Industrielle";1;"87"
2011;"EI3INI";"I3-EPU-Informatique Industrielle";1;"89"
2011;"EI3INI";"I3-EPU-Informatique Industrielle";1;"99203"
2011;"EI3INI";"I3-EPU-Informatique Industrielle";1;"99327"
2011;"EI3INI";"I3-EPU-Informatique Industrielle";1;"99341"
2011;"EI3INI";"I3-EPU-Informatique Industrielle";1;"99350"
"ANNEE";"CODE_ETAPE";"LIB_ETAPE";"CompteDeID";"DEPT_BAC"
2011;"EI3MEC";"I3-EPU-Mécanique";1;"11"
2011;"EI3MEC";"I3-EPU-Mécanique";1;"12"
2011;"EI3MEC";"I3-EPU-Mécanique";1;"14"
2011;"EI3MEC";"I3-EPU-Mécanique";1;"18"
2011;"EI3MEC";"I3-EPU-Mécanique";1;"21"
2011;"EI3MEC";"I3-EPU-Mécanique";1;"28"
2011;"EI3MEC";"I3-EPU-Mécanique";1;"29"
2011;"EI3MEC";"I3-EPU-Mécanique";3;"33"
2011;"EI3MEC";"I3-EPU-Mécanique";2;"35"
2011;"EI3MEC";"I3-EPU-Mécanique";1;"36"
2011;"EI3MEC";"I3-EPU-Mécanique";10;"37"
2011;"EI3MEC";"I3-EPU-Mécanique";1;"39"
2011;"EI3MEC";"I3-EPU-Mécanique";1;"41"
2011;"EI3MEC";"I3-EPU-Mécanique";1;"45"
2011;"EI3MEC";"I3-EPU-Mécanique";1;"46"
2011;"EI3MEC";"I3-EPU-Mécanique";1;"47"
2011;"EI3MEC";"I3-EPU-Mécanique";1;"58"
2011;"EI3MEC";"I3-EPU-Mécanique";1;"59"
2011;"EI3MEC";"I3-EPU-Mécanique";1;"62"
2011;"EI3MEC";"I3-EPU-Mécanique";1;"68"
2011;"EI3MEC";"I3-EPU-Mécanique";5;"72"
2011;"EI3MEC";"I3-EPU-Mécanique";1;"75"
2011;"EI3MEC";"I3-EPU-Mécanique";3;"76"
2011;"EI3MEC";"I3-EPU-Mécanique";1;"77"
2011;"EI3MEC";"I3-EPU-Mécanique";2;"78"
2011;"EI3MEC";"I3-EPU-Mécanique";1;"79"
2011;"EI3MEC";"I3-EPU-Mécanique";4;"81"
2011;"EI3MEC";"I3-EPU-Mécanique";1;"86"
2011;"EI3MEC";"I3-EPU-Mécanique";1;"91"
2011;"EI3MEC";"I3-EPU-Mécanique";1;"94"
2011;"EI3MEC";"I3-EPU-Mécanique";1;"99132"
2011;"EI3MEC";"I3-EPU-Mécanique";11;"99216"
2011;"EI3MEC";"I3-EPU-Mécanique";1;"99322"
2011;"EI3MEC";"I3-EPU-Mécanique";3;"99341"
2011;"EI3MEC";"I3-EPU-Mécanique";4;"99350"
"ANNEE";"CODE_ETAPE";"LIB_ETAPE";"CompteDeID";"DEPT_BAC"
2011;"EI1PIP";"Parcours PeiP année 1";1;"16"
2011;"EI1PIP";"Parcours PeiP année 1";8;"18"
2011;"EI1PIP";"Parcours PeiP année 1";1;"27"
2011;"EI1PIP";"Parcours PeiP année 1";3;"28"
2011;"EI1PIP";"Parcours PeiP année 1";1;"31"
2011;"EI1PIP";"Parcours PeiP année 1";1;"33"
2011;"EI1PIP";"Parcours PeiP année 1";3;"36"
2011;"EI1PIP";"Parcours PeiP année 1";21;"37"
2011;"EI1PIP";"Parcours PeiP année 1";1;"40"
2011;"EI1PIP";"Parcours PeiP année 1";7;"41"
2011;"EI1PIP";"Parcours PeiP année 1";6;"44"
2011;"EI1PIP";"Parcours PeiP année 1";7;"45"
2011;"EI1PIP";"Parcours PeiP année 1";4;"49"
2011;"EI1PIP";"Parcours PeiP année 1";1;"50"
2011;"EI1PIP";"Parcours PeiP année 1";1;"53"
2011;"EI1PIP";"Parcours PeiP année 1";1;"54"
2011;"EI1PIP";"Parcours PeiP année 1";1;"57"
2011;"EI1PIP";"Parcours PeiP année 1";1;"63"
2011;"EI1PIP";"Parcours PeiP année 1";2;"72"
2011;"EI1PIP";"Parcours PeiP année 1";1;"75"
2011;"EI1PIP";"Parcours PeiP année 1";1;"76"
2011;"EI1PIP";"Parcours PeiP année 1";4;"78"
2011;"EI1PIP";"Parcours PeiP année 1";2;"79"
2011;"EI1PIP";"Parcours PeiP année 1";3;"85"
2011;"EI1PIP";"Parcours PeiP année 1";2;"86"
2011;"EI1PIP";"Parcours PeiP année 1";1;"87"
2011;"EI1PIP";"Parcours PeiP année 1";1;"89"
2011;"EI1PIP";"Parcours PeiP année 1";1;"91"
2011;"EI1PIP";"Parcours PeiP année 1";1;"94"
2011;"EI1PIP";"Parcours PeiP année 1";1;"974"
2011;"EI1PIP";"Parcours PeiP année 1";1;"99219"
2011;"EI1PIP";"Parcours PeiP année 1";1;"99331"
2011;"EI1PIP";"Parcours PeiP année 1";1;"99350"
"ANNEE";"ETAPE";"LIBELLE_ETAPE";"CompteDeNuméro";"DPT_BAC"
2008;"EI3AMG";"I3-EPU-Aménagement";1;"01"
2008;"EI3AMG";"I3-EPU-Aménagement";1;"08"
2008;"EI3AMG";"I3-EPU-Aménagement";1;"11"
2008;"EI3AMG";"I3-EPU-Aménagement";1;"18"
2008;"EI3AMG";"I3-EPU-Aménagement";2;"22"
2008;"EI3AMG";"I3-EPU-Aménagement";1;"24"
2008;"EI3AMG";"I3-EPU-Aménagement";1;"28"
2008;"EI3AMG";"I3-EPU-Aménagement";3;"29"
2008;"EI3AMG";"I3-EPU-Aménagement";2;"31"
2008;"EI3AMG";"I3-EPU-Aménagement";3;"33"
2008;"EI3AMG";"I3-EPU-Aménagement";1;"34"
2008;"EI3AMG";"I3-EPU-Aménagement";1;"35"
2008;"EI3AMG";"I3-EPU-Aménagement";10;"37"
2008;"EI3AMG";"I3-EPU-Aménagement";3;"38"
2008;"EI3AMG";"I3-EPU-Aménagement";1;"42"
2008;"EI3AMG";"I3-EPU-Aménagement";6;"44"
2008;"EI3AMG";"I3-EPU-Aménagement";1;"45"
2008;"EI3AMG";"I3-EPU-Aménagement";1;"50"
2008;"EI3AMG";"I3-EPU-Aménagement";3;"56"
2008;"EI3AMG";"I3-EPU-Aménagement";1;"57"
2008;"EI3AMG";"I3-EPU-Aménagement";1;"58"
2008;"EI3AMG";"I3-EPU-Aménagement";7;"59"
2008;"EI3AMG";"I3-EPU-Aménagement";2;"62"
2008;"EI3AMG";"I3-EPU-Aménagement";2;"63"
2008;"EI3AMG";"I3-EPU-Aménagement";1;"64"
2008;"EI3AMG";"I3-EPU-Aménagement";1;"66"
2008;"EI3AMG";"I3-EPU-Aménagement";1;"67"
2008;"EI3AMG";"I3-EPU-Aménagement";2;"68"
2008;"EI3AMG";"I3-EPU-Aménagement";2;"69"
2008;"EI3AMG";"I3-EPU-Aménagement";1;"71"
2008;"EI3AMG";"I3-EPU-Aménagement";2;"72"
2008;"EI3AMG";"I3-EPU-Aménagement";2;"77"
2008;"EI3AMG";"I3-EPU-Aménagement";1;"78"
2008;"EI3AMG";"I3-EPU-Aménagement";1;"79"
2008;"EI3AMG";"I3-EPU-Aménagement";2;"85"
2008;"EI3AMG";"I3-EPU-Aménagement";1;"87"
2008;"EI3AMG";"I3-EPU-Aménagement";1;"91"
2008;"EI3AMG";"I3-EPU-Aménagement";2;"92"
2008;"EI3AMG";"I3-EPU-Aménagement";1;"93"
2008;"EI3AMG";"I3-EPU-Aménagement";2;"94"
2008;"EI3AMG";"I3-EPU-Aménagement";1;"973"
2008;"EI3AMG";"I3-EPU-Aménagement";1;"974"
2008;"EI3AMG";"I3-EPU-Aménagement";1;"988"
2008;"EI3AMG";"I3-EPU-Aménagement";9;"99216"
2008;"EI3AMG";"I3-EPU-Aménagement";1;"9935"
"ANNEE";"ETAPE";"LIBELLE_ETAPE";"CompteDeNuméro";"DPT_BAC"
2008;"EI3ELE";"I3-EPU-Electronique";1;"02"
2008;"EI3ELE";"I3-EPU-Electronique";1;"30"
2008;"EI3ELE";"I3-EPU-Electronique";2;"33"
2008;"EI3ELE";"I3-EPU-Electronique";3;"37"
2008;"EI3ELE";"I3-EPU-Electronique";1;"45"
2008;"EI3ELE";"I3-EPU-Electronique";1;"47"
2008;"EI3ELE";"I3-EPU-Electronique";1;"59"
2008;"EI3ELE";"I3-EPU-Electronique";1;"60"
2008;"EI3ELE";"I3-EPU-Electronique";1;"61"
2008;"EI3ELE";"I3-EPU-Electronique";1;"72"
2008;"EI3ELE";"I3-EPU-Electronique";1;"85"
2008;"EI3ELE";"I3-EPU-Electronique";1;"91"
2008;"EI3ELE";"I3-EPU-Electronique";1;"93"
2008;"EI3ELE";"I3-EPU-Electronique";7;"99216"
2008;"EI3ELE";"I3-EPU-Electronique";1;"99322"
2008;"EI3ELE";"I3-EPU-Electronique";1;"99333"
"ANNEE";"ETAPE";"LIBELLE_ETAPE";"CompteDeNuméro";"DPT_BAC"
2008;"EI3INI";"I3-EPU-Informatique Industrielle";1;"28"
2008;"EI3INI";"I3-EPU-Informatique Industrielle";6;"37"
2008;"EI3INI";"I3-EPU-Informatique Industrielle";1;"41"
2008;"EI3INI";"I3-EPU-Informatique Industrielle";1;"45"
2008;"EI3INI";"I3-EPU-Informatique Industrielle";2;"72"
2008;"EI3INI";"I3-EPU-Informatique Industrielle";1;"79"
2008;"EI3INI";"I3-EPU-Informatique Industrielle";1;"85"
2008;"EI3INI";"I3-EPU-Informatique Industrielle";1;"86"
2008;"EI3INI";"I3-EPU-Informatique Industrielle";1;"87"
"ANNEE";"ETAPE";"LIBELLE_ETAPE";"CompteDeNuméro";"DPT_BAC"
2008;"EI3MEC";"I3-EPU-Mécanique";1;"13"
2008;"EI3MEC";"I3-EPU-Mécanique";2;"18"
2008;"EI3MEC";"I3-EPU-Mécanique";1;"28"
2008;"EI3MEC";"I3-EPU-Mécanique";1;"31"
2008;"EI3MEC";"I3-EPU-Mécanique";2;"35"
2008;"EI3MEC";"I3-EPU-Mécanique";1;"36"
2008;"EI3MEC";"I3-EPU-Mécanique";4;"37"
2008;"EI3MEC";"I3-EPU-Mécanique";1;"41"
2008;"EI3MEC";"I3-EPU-Mécanique";1;"49"
2008;"EI3MEC";"I3-EPU-Mécanique";1;"58"
2008;"EI3MEC";"I3-EPU-Mécanique";1;"59"
2008;"EI3MEC";"I3-EPU-Mécanique";1;"62"
2008;"EI3MEC";"I3-EPU-Mécanique";1;"64"
2008;"EI3MEC";"I3-EPU-Mécanique";1;"69"
2008;"EI3MEC";"I3-EPU-Mécanique";1;"75"
2008;"EI3MEC";"I3-EPU-Mécanique";2;"76"
2008;"EI3MEC";"I3-EPU-Mécanique";1;"85"
2008;"EI3MEC";"I3-EPU-Mécanique";1;"91"
2008;"EI3MEC";"I3-EPU-Mécanique";9;"99216"
2008;"EI3MEC";"I3-EPU-Mécanique";3;"99350"
2008;"EI3MEC";"I3-EPU-Mécanique";1;"99352"
